File Name,Scientific Name,English Common Name,Chinese Name,Category,Photo Location,iNaturalist URL
northern-elephant-seal,Mirounga angustirostris,Northern Elephant Seal,北象海豹,mammal,"Año Nuevo State Reserve, CA",https://www.inaturalist.org/observations?taxon_name=Mirounga%20angustirostris
gray-whale,Eschrichtius robustus,Gray Whale,灰鲸,marine,"Monterey Bay, CA",https://www.inaturalist.org/observations?taxon_name=Eschrichtius%20robustus
humpback-whale,Megaptera novaeangliae,Humpback Whale,座头鲸,marine,"Monterey Bay, CA",https://www.inaturalist.org/observations?taxon_name=Megaptera%20novaeangliae
blue-whale,Balaenoptera musculus,Blue Whale,蓝鲸,marine,"Channel Islands, CA",https://www.inaturalist.org/observations?taxon_name=Balaenoptera%20musculus
california-sea-lion,Zalophus californianus,California Sea Lion,加州海狮,marine,"Pier 39, San Francisco, CA",https://www.inaturalist.org/observations?taxon_name=Zalophus%20californianus
harbor-seal,Phoca vitulina,Harbor Seal,港海豹,marine,"Elkhorn Slough, CA",https://www.inaturalist.org/observations?taxon_name=Phoca%20vitulina
sea-otter,Enhydra lutris nereis,Sea Otter,海獭,marine,"Monterey Bay, CA",https://www.inaturalist.org/observations?taxon_name=Enhydra%20lutris%20nereis
brown-pelican,Pelecanus occidentalis californicus,Brown Pelican,褐鹈鹕,bird,"La Jolla Cove, CA",https://www.inaturalist.org/observations?taxon_name=Pelecanus%20occidentalis%20californicus
great-blue-heron,Ardea herodias,Great Blue Heron,大蓝鹭,bird,"Sacramento NWR, CA",https://www.inaturalist.org/observations?taxon_name=Ardea%20herodias
great-egret,Ardea alba,Great Egret,大白鹭,bird,"Central Valley wetlands, CA",https://www.inaturalist.org/observations?taxon_name=Ardea%20alba
snowy-egret,Egretta thula,Snowy Egret,雪鹭,bird,"Bolsa Chica, CA",https://www.inaturalist.org/observations?taxon_name=Egretta%20thula
black-crowned-night-heron,Nycticorax nycticorax,Black-crowned Night Heron,夜鹭,bird,"Lake Merritt, Oakland, CA",https://www.inaturalist.org/observations?taxon_name=Nycticorax%20nycticorax
tundra-swan,Cygnus columbianus,Tundra Swan,苔原天鹅,bird,"Sacramento NWR, CA",https://www.inaturalist.org/observations?taxon_name=Cygnus%20columbianus
snow-goose,Anser caerulescens,Snow Goose,雪雁,bird,"Central Valley, CA",https://www.inaturalist.org/observations?taxon_name=Anser%20caerulescens
canada-goose,Branta canadensis,Canada Goose,加拿大雁,bird,"Golden Gate Park, San Francisco, CA",https://www.inaturalist.org/observations?taxon_name=Branta%20canadensis
northern-shoveler,Spatula clypeata,Northern Shoveler,琵嘴鸭,bird,"Central Valley, CA",https://www.inaturalist.org/observations?taxon_name=Spatula%20clypeata
american-wigeon,Mareca americana,American Wigeon,赤颈凫,bird,"San Francisco Bay, CA",https://www.inaturalist.org/observations?taxon_name=Mareca%20americana
northern-pintail,Anas acuta,Northern Pintail,针尾鸭,bird,"Klamath Basin, CA",https://www.inaturalist.org/observations?taxon_name=Anas%20acuta
green-winged-teal,Anas crecca,Green-winged Teal,绿翅鸭,bird,"Sacramento NWR, CA",https://www.inaturalist.org/observations?taxon_name=Anas%20crecca
ruddy-duck,Oxyura jamaicensis,Ruddy Duck,棕硬尾鸭,bird,"San Francisco Bay, CA",https://www.inaturalist.org/observations?taxon_name=Oxyura%20jamaicensis
bufflehead,Bucephala albeola,Bufflehead,白枕鹊鸭,bird,"Morro Bay, CA",https://www.inaturalist.org/observations?taxon_name=Bucephala%20albeola
common-goldeneye,Bucephala clangula,Common Goldeneye,鹊鸭,bird,"Lake Tahoe, CA",https://www.inaturalist.org/observations?taxon_name=Bucephala%20clangula
common-merganser,Mergus merganser,Common Merganser,普通秋沙鸭,bird,"Klamath River, CA",https://www.inaturalist.org/observations?taxon_name=Mergus%20merganser
sandhill-crane,Antigone canadensis,Sandhill Crane,沙丘鹤,bird,"Central Valley, CA",https://www.inaturalist.org/observations?taxon_name=Antigone%20canadensis
american-coot,Fulica americana,American Coot,美洲骨顶,bird,"Lake Merritt, Oakland, CA",https://www.inaturalist.org/observations?taxon_name=Fulica%20americana
western-grebe,Aechmophorus occidentalis,Western Grebe,北美鸊鷉,bird,"Clear Lake, CA",https://www.inaturalist.org/observations?taxon_name=Aechmophorus%20occidentalis
eared-grebe,Podiceps nigricollis,Eared Grebe,黑颈鸊鷉,bird,"Mono Lake, CA",https://www.inaturalist.org/observations?taxon_name=Podiceps%20nigricollis
pied-billed-grebe,Podilymbus podiceps,Pied-billed Grebe,斑嘴鸊鷉,bird,"Tule Lake NWR, CA",https://www.inaturalist.org/observations?taxon_name=Podilymbus%20podiceps
common-loon,Gavia immer,Common Loon,普通潜鸟,bird,"Point Reyes, CA",https://www.inaturalist.org/observations?taxon_name=Gavia%20immer
pelagic-cormorant,Urile pelagicus,Pelagic Cormorant,海鸬鹚,bird,"Farallon Islands, CA",https://www.inaturalist.org/observations?taxon_name=Urile%20pelagicus
brandts-cormorant,Urile penicillatus,Brandt's Cormorant,加州鸬鹚,bird,"Point Lobos, CA",https://www.inaturalist.org/observations?taxon_name=Urile%20penicillatus
bald-eagle,Haliaeetus leucocephalus,Bald Eagle,白头海雕,bird,"Klamath Basin, CA",https://www.inaturalist.org/observations?taxon_name=Haliaeetus%20leucocephalus
golden-eagle,Aquila chrysaetos,Golden Eagle,金雕,bird,"Eastern Sierra, CA",https://www.inaturalist.org/observations?taxon_name=Aquila%20chrysaetos
red-tailed-hawk,Buteo jamaicensis,Red-tailed Hawk,红尾鵟,bird,"Golden Gate NRA, CA",https://www.inaturalist.org/observations?taxon_name=Buteo%20jamaicensis
red-shouldered-hawk,Buteo lineatus,Red-shouldered Hawk,赤肩鵟,bird,"Marin County, CA",https://www.inaturalist.org/observations?taxon_name=Buteo%20lineatus
coopers-hawk,Accipiter cooperii,Cooper's Hawk,库氏鹰,bird,"Los Angeles, CA",https://www.inaturalist.org/observations?taxon_name=Accipiter%20cooperii
northern-harrier,Circus hudsonius,Northern Harrier,白尾鷂,bird,"Carrizo Plain, CA",https://www.inaturalist.org/observations?taxon_name=Circus%20hudsonius
american-kestrel,Falco sparverius,American Kestrel,美洲隼,bird,"Central Valley, CA",https://www.inaturalist.org/observations?taxon_name=Falco%20sparverius
peregrine-falcon,Falco peregrinus,Peregrine Falcon,游隼,bird,"Yosemite Valley, CA",https://www.inaturalist.org/observations?taxon_name=Falco%20peregrinus
turkey-vulture,Cathartes aura,Turkey Vulture,红头美洲鹫,bird,"Big Sur, CA",https://www.inaturalist.org/observations?taxon_name=Cathartes%20aura
california-condor,Gymnogyps californianus,California Condor,加州神鹫,bird,"Pinnacles National Park, CA",https://www.inaturalist.org/observations?taxon_name=Gymnogyps%20californianus
tule-elk,Cervus canadensis nannodes,Tule Elk,图勒麋鹿,mammal,"Point Reyes NS, CA",https://www.inaturalist.org/observations?taxon_name=Cervus%20canadensis%20nannodes
mule-deer,Odocoileus hemionus,Mule Deer,黑尾鹿,mammal,"Yosemite National Park, CA",https://www.inaturalist.org/observations?taxon_name=Odocoileus%20hemionus
coyote,Canis latrans,Coyote,郊狼,mammal,"Golden Gate Park, San Francisco, CA",https://www.inaturalist.org/observations?taxon_name=Canis%20latrans
gray-fox,Urocyon cinereoargenteus,Gray Fox,灰狐,mammal,"Santa Monica Mountains, CA",https://www.inaturalist.org/observations?taxon_name=Urocyon%20cinereoargenteus
mountain-lion,Puma concolor,Mountain Lion,美洲狮,mammal,"Santa Cruz Mountains, CA",https://www.inaturalist.org/observations?taxon_name=Puma%20concolor
bobcat,Lynx rufus,Bobcat,短尾猫,mammal,"Point Reyes NS, CA",https://www.inaturalist.org/observations?taxon_name=Lynx%20rufus
black-bear,Ursus americanus,American Black Bear,美洲黑熊,mammal,"Sequoia National Park, CA",https://www.inaturalist.org/observations?taxon_name=Ursus%20americanus
raccoon,Procyon lotor,Raccoon,浣熊,mammal,"San Francisco, CA",https://www.inaturalist.org/observations?taxon_name=Procyon%20lotor
striped-skunk,Mephitis mephitis,Striped Skunk,条纹臭鼬,mammal,"Central Valley, CA",https://www.inaturalist.org/observations?taxon_name=Mephitis%20mephitis
california-poppy,Eschscholzia californica,California Poppy,加州花菱草,plant,"Antelope Valley, CA",https://www.inaturalist.org/observations?taxon_name=Eschscholzia%20californica
arroyo-lupine,Lupinus succulentus,Arroyo Lupine,河岸羽扇豆,plant,"Carrizo Plain, CA",https://www.inaturalist.org/observations?taxon_name=Lupinus%20succulentus
lupinus-nanus,Lupinus nanus,Sky Lupine,天空羽扇豆,plant,"Coastal grasslands, CA",https://www.inaturalist.org/observations?taxon_name=Lupinus%20nanus
california-poppy-white,Eschscholzia californica var. alba,White California Poppy,白花菱草,plant,"Coastal bluffs, CA",https://www.inaturalist.org/observations?taxon_name=Eschscholzia%20californica%20var.%20alba
baby-blue-eyes,Nemophila menziesii,Baby Blue Eyes,粉蝶花,plant,"Coastal meadows, CA",https://www.inaturalist.org/observations?taxon_name=Nemophila%20menziesii
goldfields,Lasthenia californica,Goldfields,金田菊,plant,"Central Valley, CA",https://www.inaturalist.org/observations?taxon_name=Lasthenia%20californica
tidy-tips,Layia platyglossa,Tidy Tips,白尖金菊,plant,"Carrizo Plain, CA",https://www.inaturalist.org/observations?taxon_name=Layia%20platyglossa
desert-sunflower,Geraea canescens,Desert Sunflower,沙漠向日葵,plant,"Anza-Borrego Desert, CA",https://www.inaturalist.org/observations?taxon_name=Geraea%20canescens
sand-verbena,Abronia villosa,Sand Verbena,沙地马鞭草,plant,"Anza-Borrego Desert, CA",https://www.inaturalist.org/observations?taxon_name=Abronia%20villosa
desert-lily,Hesperocallis undulata,Desert Lily,沙漠百合,plant,"Mojave Desert, CA",https://www.inaturalist.org/observations?taxon_name=Hesperocallis%20undulata
mariposa-lily,Calochortus venustus,Mariposa Lily,蝴蝶百合,plant,"Sierra Nevada foothills, CA",https://www.inaturalist.org/observations?taxon_name=Calochortus%20venustus
chocolate-lily,Fritillaria affinis,Chocolate Lily,巧克力百合,plant,"Coast Ranges, CA",https://www.inaturalist.org/observations?taxon_name=Fritillaria%20affinis
western-blue-eyed-grass,Sisyrinchium bellum,Western Blue-eyed Grass,蓝眼草,plant,"Coastal meadows, CA",https://www.inaturalist.org/observations?taxon_name=Sisyrinchium%20bellum
douglas-iris,Iris douglasiana,Douglas Iris,道格拉斯鸢尾,plant,"Coastal bluffs, CA",https://www.inaturalist.org/observations?taxon_name=Iris%20douglasiana
california-fuchsia,Epilobium canum,California Fuchsia,加州倒挂金钟,plant,"Coastal scrub, CA",https://www.inaturalist.org/observations?taxon_name=Epilobium%20canum
sticky-monkeyflower,Diplacus aurantiacus,Sticky Monkeyflower,猴面花,plant,"Chaparral, CA",https://www.inaturalist.org/observations?taxon_name=Diplacus%20aurantiacus
california-lilac,Ceanothus thyrsiflorus,California Lilac,加州丁香,plant,"Coastal scrub, CA",https://www.inaturalist.org/observations?taxon_name=Ceanothus%20thyrsiflorus
matilija-poppy,Romneya coulteri,Matilija Poppy,煎蛋花,plant,Southern California,https://www.inaturalist.org/observations?taxon_name=Romneya%20coulteri
pacific-tree-frog,Pseudacris regilla,Pacific Tree Frog,太平洋树蛙,amphibian,"Coastal wetlands, CA",https://www.inaturalist.org/observations?taxon_name=Pseudacris%20regilla
california-red-legged-frog,Rana draytonii,California Red-legged Frog,加州红腿蛙,amphibian,"Bay Area creeks, CA",https://www.inaturalist.org/observations?taxon_name=Rana%20draytonii
california-newt,Taricha torosa,California Newt,加州肥螈,amphibian,"Oak woodlands, CA",https://www.inaturalist.org/observations?taxon_name=Taricha%20torosa
rough-skinned-newt,Taricha granulosa,Rough-skinned Newt,粗皮蝾螈,amphibian,"North Coast forests, CA",https://www.inaturalist.org/observations?taxon_name=Taricha%20granulosa
california-tiger-salamander,Ambystoma californiense,California Tiger Salamander,加州虎纹蝾螈,amphibian,"Central Valley, CA",https://www.inaturalist.org/observations?taxon_name=Ambystoma%20californiense
monarch-butterfly,Danaus plexippus,Monarch Butterfly,黑脉金斑蝶,insect,"Pacific Grove, CA",https://www.inaturalist.org/observations?taxon_name=Danaus%20plexippus
western-swallowtail,Papilio rutulus,Western Tiger Swallowtail,西部燕尾蝶,insect,"Yosemite Valley, CA",https://www.inaturalist.org/observations?taxon_name=Papilio%20rutulus
painted-lady,Vanessa cardui,Painted Lady,彩蛱蝶,insect,Southern California,https://www.inaturalist.org/observations?taxon_name=Vanessa%20cardui
pipevine-swallowtail,Battus philenor,Pipevine Swallowtail,马兜铃燕尾蝶,insect,"Coast Ranges, CA",https://www.inaturalist.org/observations?taxon_name=Battus%20philenor
anna-blue,Plebejus anna,Anna's Blue,安娜蓝灰蝶,insect,"Sierra Nevada, CA",https://www.inaturalist.org/observations?taxon_name=Plebejus%20anna
california-sister,Adelpha californica,California Sister,加州修女蝶,insect,"Oak woodlands, CA",https://www.inaturalist.org/observations?taxon_name=Adelpha%20californica
california-dogface,Zerene eurydice,California Dogface,加州州蝶,insect,"Sierra foothills, CA",https://www.inaturalist.org/observations?taxon_name=Zerene%20eurydice
california-quail,Callipepla californica,California Quail,加州鹌鹑,bird,"Oak woodlands, CA",https://www.inaturalist.org/observations?taxon_name=Callipepla%20californica
annas-hummingbird,Calypte anna,Anna's Hummingbird,安氏蜂鸟,bird,"Urban gardens, CA",https://www.inaturalist.org/observations?taxon_name=Calypte%20anna
rufous-hummingbird,Selasphorus rufus,Rufous Hummingbird,棕煌蜂鸟,bird,"Spring migration, CA",https://www.inaturalist.org/observations?taxon_name=Selasphorus%20rufus
western-bluebird,Sialia mexicana,Western Bluebird,西部蓝鸲,bird,"Oak woodlands, CA",https://www.inaturalist.org/observations?taxon_name=Sialia%20mexicana
acorn-woodpecker,Melanerpes formicivorus,Acorn Woodpecker,橡树啄木鸟,bird,"Coast Ranges, CA",https://www.inaturalist.org/observations?taxon_name=Melanerpes%20formicivorus
northern-flicker,Colaptes auratus,Northern Flicker,北扑翅鴷,bird,"Urban parks, CA",https://www.inaturalist.org/observations?taxon_name=Colaptes%20auratus
western-scrub-jay,Aphelocoma californica,California Scrub-Jay,加州丛鸦,bird,Throughout California,https://www.inaturalist.org/observations?taxon_name=Aphelocoma%20californica
stellers-jay,Cyanocitta stelleri,Steller's Jay,暗冠蓝鸦,bird,"Sierra Nevada, CA",https://www.inaturalist.org/observations?taxon_name=Cyanocitta%20stelleri
western-meadowlark,Sturnella neglecta,Western Meadowlark,西部草地鹨,bird,"Central Valley, CA",https://www.inaturalist.org/observations?taxon_name=Sturnella%20neglecta
yellow-billed-magpie,Pica nuttalli,Yellow-billed Magpie,黄嘴喜鹊,bird,"Central Valley, CA",https://www.inaturalist.org/observations?taxon_name=Pica%20nuttalli
western-tanager,Piranga ludoviciana,Western Tanager,西部唐纳雀,bird,"Sierra Nevada, CA",https://www.inaturalist.org/observations?taxon_name=Piranga%20ludoviciana
lazuli-bunting,Passerina amoena,Lazuli Bunting,琉璃彩鹀,bird,"Riparian areas, CA",https://www.inaturalist.org/observations?taxon_name=Passerina%20amoena
hooded-oriole,Icterus cucullatus,Hooded Oriole,巾冠拟鹂,bird,"Palm groves, Southern CA",https://www.inaturalist.org/observations?taxon_name=Icterus%20cucullatus
american-robin,Turdus migratorius,American Robin,旅鸫,bird,Throughout California,https://www.inaturalist.org/observations?taxon_name=Turdus%20migratorius
cedar-waxwing,Bombycilla cedrorum,Cedar Waxwing,雪松太平鸟,bird,"Urban parks, CA",https://www.inaturalist.org/observations?taxon_name=Bombycilla%20cedrorum
killdeer,Charadrius vociferus,Killdeer,双领鸻,bird,"Open fields, CA",https://www.inaturalist.org/observations?taxon_name=Charadrius%20vociferus
american-avocet,Recurvirostra americana,American Avocet,褐胸反嘴鹬,bird,"San Francisco Bay, CA",https://www.inaturalist.org/observations?taxon_name=Recurvirostra%20americana
black-necked-stilt,Himantopus mexicanus,Black-necked Stilt,黑颈长脚鹬,bird,"Central Valley, CA",https://www.inaturalist.org/observations?taxon_name=Himantopus%20mexicanus
western-gull,Larus occidentalis,Western Gull,西美鸥,bird,California coast,https://www.inaturalist.org/observations?taxon_name=Larus%20occidentalis
heermanns-gull,Larus heermanni,Heermann's Gull,希曼氏鸥,bird,"Monterey Bay, CA",https://www.inaturalist.org/observations?taxon_name=Larus%20heermanni
common-murre,Uria aalge,Common Murre,普通海鸦,bird,"Farallon Islands, CA",https://www.inaturalist.org/observations?taxon_name=Uria%20aalge
tufted-puffin,Fratercula cirrhata,Tufted Puffin,簇羽海鹦,bird,"Farallon Islands, CA",https://www.inaturalist.org/observations?taxon_name=Fratercula%20cirrhata
sierra-bighorn,Ovis canadensis sierrae,Sierra Nevada Bighorn Sheep,内华达大角羊,mammal,"Eastern Sierra, CA",https://www.inaturalist.org/observations?taxon_name=Ovis%20canadensis%20sierrae
desert-bighorn,Ovis canadensis nelsoni,Desert Bighorn Sheep,沙漠大角羊,mammal,"Mojave Desert, CA",https://www.inaturalist.org/observations?taxon_name=Ovis%20canadensis%20nelsoni
yellow-bellied-marmot,Marmota flaviventris,Yellow-bellied Marmot,黄腹旱獭,mammal,"Yosemite National Park, CA",https://www.inaturalist.org/observations?taxon_name=Marmota%20flaviventris
western-gray-squirrel,Sciurus griseus,Western Gray Squirrel,西部灰松鼠,mammal,"Oak woodlands, CA",https://www.inaturalist.org/observations?taxon_name=Sciurus%20griseus
california-ground-squirrel,Otospermophilus beecheyi,California Ground Squirrel,加州地松鼠,mammal,Throughout California,https://www.inaturalist.org/observations?taxon_name=Otospermophilus%20beecheyi
desert-kangaroo-rat,Dipodomys deserti,Desert Kangaroo Rat,沙漠更格卢鼠,mammal,"Mojave Desert, CA",https://www.inaturalist.org/observations?taxon_name=Dipodomys%20deserti
desert-tortoise,Gopherus agassizii,Desert Tortoise,沙漠龟,reptile,"Mojave Desert, CA",https://www.inaturalist.org/observations?taxon_name=Gopherus%20agassizii
western-fence-lizard,Sceloporus occidentalis,Western Fence Lizard,西部篱蜥,reptile,Throughout California,https://www.inaturalist.org/observations?taxon_name=Sceloporus%20occidentalis
western-rattlesnake,Crotalus oreganus,Western Rattlesnake,西部响尾蛇,reptile,"Sierra foothills, CA",https://www.inaturalist.org/observations?taxon_name=Crotalus%20oreganus
chuckwalla,Sauromalus ater,Chuckwalla,变色沙蜥,reptile,"Colorado Desert, CA",https://www.inaturalist.org/observations?taxon_name=Sauromalus%20ater
leopard-lizard,Gambelia sila,Blunt-nosed Leopard Lizard,豹斑蜥,reptile,"San Joaquin Valley, CA",https://www.inaturalist.org/observations?taxon_name=Gambelia%20sila
greater-roadrunner,Geococcyx californianus,Greater Roadrunner,走鹃,bird,Southern California deserts,https://www.inaturalist.org/observations?taxon_name=Geococcyx%20californianus
desert-tarantula,Aphonopelma spp.,Desert Tarantula,沙漠狼蛛,insect,"Mojave Desert, CA",https://www.inaturalist.org/observations?taxon_name=Aphonopelma%20spp.
california-grunion,Leuresthes tenuis,California Grunion,加州滑银鱼,fish,Southern California beaches,https://www.inaturalist.org/observations?taxon_name=Leuresthes%20tenuis
pacific-angel-shark,Squatina californica,Pacific Angel Shark,太平洋扁鲨,fish,"Channel Islands, CA",https://www.inaturalist.org/observations?taxon_name=Squatina%20californica
aggregating-anemone,Anthopleura elegantissima,Aggregating Anemone,群聚海葵,marine,California tide pools,https://www.inaturalist.org/observations?taxon_name=Anthopleura%20elegantissima
ochre-sea-star,Pisaster ochraceus,Ochre Sea Star,赭色海星,marine,California tide pools,https://www.inaturalist.org/observations?taxon_name=Pisaster%20ochraceus
california-mussel,Mytilus californianus,California Mussel,加州贻贝,marine,"Rocky intertidal, CA",https://www.inaturalist.org/observations?taxon_name=Mytilus%20californianus
purple-sea-urchin,Strongylocentrotus purpuratus,Purple Sea Urchin,紫海胆,marine,"Kelp forests, CA",https://www.inaturalist.org/observations?taxon_name=Strongylocentrotus%20purpuratus
giant-green-anemone,Anthopleura xanthogrammica,Giant Green Anemone,巨绿海葵,marine,"Tide pools, CA",https://www.inaturalist.org/observations?taxon_name=Anthopleura%20xanthogrammica
chinook-salmon,Oncorhynchus tshawytscha,Chinook Salmon,奇努克鲑鱼,fish,"Sacramento River, CA",https://www.inaturalist.org/observations?taxon_name=Oncorhynchus%20tshawytscha
coho-salmon,Oncorhynchus kisutch,Coho Salmon,银鲑,fish,"North Coast streams, CA",https://www.inaturalist.org/observations?taxon_name=Oncorhynchus%20kisutch
steelhead,Oncorhynchus mykiss,Steelhead Trout,硬头鳟,fish,"Russian River, CA",https://www.inaturalist.org/observations?taxon_name=Oncorhynchus%20mykiss
coast-redwood,Sequoia sempervirens,Coast Redwood,海岸红杉,plant,"Muir Woods National Monument, CA",https://www.inaturalist.org/observations?taxon_name=Sequoia%20sempervirens
giant-sequoia,Sequoiadendron giganteum,Giant Sequoia,巨杉,plant,"Sequoia National Park, CA",https://www.inaturalist.org/observations?taxon_name=Sequoiadendron%20giganteum
california-black-oak,Quercus kelloggii,California Black Oak,加州黑栎,plant,"Yosemite National Park, CA",https://www.inaturalist.org/observations?taxon_name=Quercus%20kelloggii
coast-live-oak,Quercus agrifolia,Coast Live Oak,海岸活橡,plant,"Coastal valleys, CA",https://www.inaturalist.org/observations?taxon_name=Quercus%20agrifolia
blue-oak,Quercus douglasii,Blue Oak,蓝橡树,plant,"Sierra Nevada foothills, CA",https://www.inaturalist.org/observations?taxon_name=Quercus%20douglasii
quaking-aspen,Populus tremuloides,Quaking Aspen,颤杨,plant,"Eastern Sierra, CA",https://www.inaturalist.org/observations?taxon_name=Populus%20tremuloides
california-buckeye,Aesculus californica,California Buckeye,加州七叶树,plant,"Coast Ranges, CA",https://www.inaturalist.org/observations?taxon_name=Aesculus%20californica
western-sycamore,Platanus racemosa,Western Sycamore,加州悬铃木,plant,"Riparian zones, CA",https://www.inaturalist.org/observations?taxon_name=Platanus%20racemosa
incense-cedar,Calocedrus decurrens,Incense Cedar,香雪松,plant,"Sierra Nevada, CA",https://www.inaturalist.org/observations?taxon_name=Calocedrus%20decurrens
sugar-pine,Pinus lambertiana,Sugar Pine,糖松,plant,"Sierra Nevada, CA",https://www.inaturalist.org/observations?taxon_name=Pinus%20lambertiana
manzanita,Arctostaphylos manzanita,Manzanita,熊果树,plant,"Chaparral, CA",https://www.inaturalist.org/observations?taxon_name=Arctostaphylos%20manzanita
joshua-tree,Yucca brevifolia,Joshua Tree,约书亚树,plant,"Joshua Tree National Park, CA",https://www.inaturalist.org/observations?taxon_name=Yucca%20brevifolia
creosote-bush,Larrea tridentata,Creosote Bush,木馏油灌木,plant,"Mojave Desert, CA",https://www.inaturalist.org/observations?taxon_name=Larrea%20tridentata
california-scorpion,Paruroctonus silvestrii,California Common Scorpion,加州蝎,insect,"Sierra Nevada foothills, CA",https://www.inaturalist.org/observations?taxon_name=Paruroctonus%20silvestrii
california-mantis,Stagmomantis californica,California Mantis,加州螳螂,insect,"Chaparral, CA",https://www.inaturalist.org/observations?taxon_name=Stagmomantis%20californica
dragonfly-green-darner,Anax junius,Common Green Darner,绿蜻蜓,insect,"Wetlands, CA",https://www.inaturalist.org/observations?taxon_name=Anax%20junius
ladybug-convergent,Hippodamia convergens,Convergent Lady Beetle,聚集瓢虫,insect,"Sierra Nevada, CA",https://www.inaturalist.org/observations?taxon_name=Hippodamia%20convergens
bumble-bee-yellow-faced,Bombus vosnesenskii,Yellow-faced Bumble Bee,黄脸熊蜂,insect,"Coastal meadows, CA",https://www.inaturalist.org/observations?taxon_name=Bombus%20vosnesenskii
carpenter-bee,Xylocopa californica,California Carpenter Bee,加州木蜂,insect,"Oak woodlands, CA",https://www.inaturalist.org/observations?taxon_name=Xylocopa%20californica
velvet-ant,Dasymutilla aureola,Velvet Ant,绒蚁,insect,"Desert regions, CA",https://www.inaturalist.org/observations?taxon_name=Dasymutilla%20aureola
california-sycamore-borer,Dinoptera anthracina,California Sycamore Borer,悬铃木天牛,insect,"Riparian forests, CA",https://www.inaturalist.org/observations?taxon_name=Dinoptera%20anthracina
gopher-snake,Pituophis catenifer,Gopher Snake,牛蛇,reptile,Throughout California,https://www.inaturalist.org/observations?taxon_name=Pituophis%20catenifer
california-kingsnake,Lampropeltis californiae,California Kingsnake,加州王蛇,reptile,Throughout California,https://www.inaturalist.org/observations?taxon_name=Lampropeltis%20californiae
california-whiptail,Aspidoscelis tigris munda,California Whiptail,加州鞭尾蜥,reptile,"Central Valley, CA",https://www.inaturalist.org/observations?taxon_name=Aspidoscelis%20tigris%20munda
common-nighthawk,Chordeiles minor,Common Nighthawk,普通夜鹰,bird,"Desert skies, CA",https://www.inaturalist.org/observations?taxon_name=Chordeiles%20minor
